t_ms,adc_mv,true_mv,rs_kohm,stimulus
1008,63.48,107.35,77.61,0
1108,62.95,106.45,78.28,0
1208,62.93,106.42,78.31,0
1308,62.96,106.47,78.27,0
1408,62.43,105.58,78.94,0
1508,62.43,105.58,78.94,0
1608,62.14,105.08,79.33,0
1708,61.73,104.39,79.86,0
1808,61.37,103.78,80.34,0
1908,61.6,104.17,80.03,0
2008,61.25,103.58,80.5,0
2108,61.34,103.73,80.38,0
2208,61.06,103.26,80.75,0
2308,60.87,102.94,81.01,0
2408,60.82,102.85,81.08,0
2508,60.6,102.48,81.38,0
2608,60.76,102.75,81.16,0
2708,60.65,102.56,81.32,0
2808,60.21,101.82,81.92,0
2908,59.95,101.38,82.28,0
3008,59.87,101.25,82.39,0
3108,59.43,100.5,83.02,0
3208,58.87,99.55,83.83,0
3308,57.7,97.58,85.55,0
3408,57.46,97.17,85.92,0
3508,57.01,96.41,86.61,0
3608,56.76,95.99,87.0,0
3708,56.39,95.36,87.59,0
3808,56.26,95.14,87.79,0
3908,55.92,94.57,88.33,0
4008,55.57,93.97,88.91,0
4108,55.5,93.86,89.01,0
4208,55.35,93.6,89.26,0
4308,55.42,93.72,89.15,0
4408,55.17,93.3,89.56,0
4508,55.07,93.13,89.72,0
4608,55.03,93.06,89.79,0
4708,54.93,92.89,89.96,0
4808,55.09,93.16,89.69,0
4908,55.15,93.26,89.6,0
5008,54.87,92.79,90.06,0
5108,54.73,92.55,90.3,0
5208,54.65,92.42,90.43,0
5308,54.6,92.33,90.52,0
5408,54.31,91.84,91.01,0
5508,54.5,92.16,90.69,0
5608,54.12,91.52,91.33,0
5708,54.18,91.62,91.23,0
5808,53.95,91.23,91.63,0
5908,54.06,91.42,91.43,0
6008,53.65,90.73,92.14,0
6108,53.68,90.78,92.09,0
6208,53.42,90.34,92.55,0
6308,53.34,90.2,92.69,0
6408,53.29,90.12,92.78,0
6508,53.23,90.02,92.88,0
6608,53.25,90.05,92.85,0
6708,53.03,89.68,93.24,0
6808,52.92,89.49,93.44,0
6908,52.6,88.95,94.02,0
7008,52.71,89.14,93.82,0
7108,52.6,88.95,94.02,0
7208,52.39,88.6,94.4,0
7308,52.29,88.43,94.58,0
7408,52.28,88.41,94.6,0
7508,52.26,88.38,94.64,0
7608,51.98,87.9,95.16,0
7708,51.75,87.51,95.6,0
7808,51.64,87.33,95.8,0
7908,51.73,87.48,95.63,0
8008,51.51,87.11,96.04,0
8108,51.42,86.96,96.21,0
8208,51.34,86.82,96.37,0
8308,51.14,86.48,96.75,0
8408,51.07,86.36,96.89,0
8508,51.07,86.36,96.89,0
8608,50.89,86.06,97.23,0
8708,50.84,85.97,97.34,0
8808,50.7,85.74,97.6,0
8908,50.6,85.57,97.8,0
9008,50.6,85.57,97.8,0
9108,50.82,85.94,97.37,0
9208,50.15,84.81,98.69,0
9308,50.39,85.21,98.22,0
9408,50.35,85.15,98.29,0
9508,50.34,85.13,98.32,0
9608,49.95,84.47,99.1,0
9708,49.6,83.88,99.81,0
9808,49.65,83.96,99.71,0
9908,49.95,84.47,99.1,0
10008,49.71,84.06,99.59,0
10108,49.51,83.73,99.99,0
10208,49.37,83.49,100.28,0
10308,49.67,84.0,99.66,0
10408,49.29,83.35,100.45,0
10508,49.31,83.39,100.4,0
10608,48.96,82.8,101.13,0
10708,49.04,82.93,100.97,0
10808,49.34,83.44,100.34,0
10908,48.9,82.69,101.27,0
11008,48.62,82.22,101.86,0
11108,48.75,82.44,101.58,1
11208,48.29,81.66,102.57,1
11308,48.54,82.08,102.03,1
11408,48.28,81.65,102.58,1
11508,48.29,81.66,102.57,1
11608,48.42,81.88,102.29,1
11708,48.07,81.29,103.04,1
11808,48.14,81.41,102.89,1
11908,48.35,81.76,102.44,1
12008,48.18,81.48,102.8,1
12108,48.17,81.46,102.82,1
12208,47.89,80.99,103.43,1
12308,47.98,81.14,103.23,1
12408,47.96,81.1,103.29,1
12508,48.26,81.61,102.63,1
12608,49.15,83.12,100.73,1
12708,50.64,85.64,97.72,1
12808,51.07,86.36,96.89,1
12908,51.89,87.75,95.33,1
13008,52.06,88.04,95.01,1
13108,52.32,88.48,94.53,1
13208,52.12,88.14,94.9,1
13308,52.1,88.11,94.93,1
13408,52.12,88.14,94.9,1
13508,52.56,88.88,94.1,1
13608,52.45,88.7,94.29,1
13708,52.6,88.95,94.02,1
13808,52.39,88.6,94.4,1
13908,52.65,89.04,93.92,1
14008,52.39,88.6,94.4,1
14108,52.18,88.24,94.79,0
14208,52.07,88.05,95.0,0
14308,52.07,88.05,95.0,0
14408,51.95,87.85,95.22,0
14508,51.95,87.85,95.22,0
14608,51.45,87.01,96.15,0
14708,51.28,86.72,96.48,0
14808,51.42,86.96,96.21,0
14908,51.23,86.63,96.58,0
15008,51.2,86.58,96.64,0
15108,50.9,86.08,97.21,0
15208,51.0,86.25,97.02,0
15308,51.1,86.41,96.83,0
15408,50.68,85.7,97.65,0
15508,50.53,85.45,97.94,0
15608,50.59,85.55,97.82,0
15708,50.29,85.04,98.42,0
15808,50.1,84.72,98.8,0
15908,49.48,83.67,100.06,0
16008,49.18,83.17,100.67,0
16108,49.15,83.12,100.73,0
16208,48.79,82.51,101.49,0
16308,48.54,82.08,102.03,0
16408,48.4,81.85,102.32,0
16508,48.29,81.66,102.57,0
16608,48.03,81.22,103.13,0
16708,48.12,81.37,102.94,0
16808,47.95,81.09,103.3,0
16908,47.9,81.0,103.42,0
17008,47.78,80.8,103.68,0
17108,47.71,80.68,103.83,0
17208,47.78,80.8,103.68,0
17308,47.76,80.77,103.71,0
17408,47.67,80.61,103.92,0
17508,47.57,80.44,104.15,0
17608,47.54,80.39,104.21,0
17708,47.46,80.26,104.38,0
17808,47.48,80.29,104.35,0
17908,47.28,79.95,104.8,0
18008,47.2,79.82,104.97,0
18108,47.26,79.92,104.84,0
18208,46.98,79.45,105.47,0
18308,46.98,79.45,105.47,0
18408,47.1,79.65,105.2,0
18508,46.95,79.4,105.53,0
18608,46.81,79.16,105.86,0
18708,47.0,79.48,105.43,0
18808,46.76,79.07,105.98,0
18908,46.89,79.29,105.68,0
19008,46.75,79.06,106.0,0
19108,46.57,78.75,106.42,0
19208,46.43,78.52,106.74,0
19308,46.03,77.84,107.68,0
19408,46.48,78.6,106.63,0
19508,46.53,78.69,106.5,0
19608,46.5,78.63,106.58,0
19708,46.51,78.65,106.56,0
19808,46.57,78.75,106.42,0
19908,46.32,78.33,107.0,0
20008,46.04,77.86,107.65,0
20108,46.25,78.21,107.17,0
20208,46.21,78.14,107.26,0
20308,46.03,77.84,107.68,0
20408,46.01,77.81,107.73,0
20508,45.81,77.47,108.21,0
20608,45.76,77.38,108.33,0
20708,45.65,77.2,108.59,0
20808,45.45,76.86,109.08,0
20908,46.01,77.81,107.73,0
21008,45.5,76.94,108.96,0
21108,45.71,77.3,108.45,0
21208,45.79,77.43,108.26,0
21308,45.68,77.25,108.52,0
21408,45.42,76.81,109.15,0
21508,45.35,76.69,109.32,0
21608,45.26,76.54,109.54,0
21708,45.0,76.1,110.18,0
21808,45.15,76.35,109.82,0
21908,45.23,76.49,109.61,0
22008,45.03,76.15,110.11,0
22108,45.15,76.35,109.82,0
22208,45.23,76.49,109.61,0
22308,45.34,76.67,109.35,0
22408,45.23,76.49,109.61,0
22508,45.18,76.4,109.74,0
22608,45.1,76.27,109.93,0
22708,44.92,75.96,110.39,0
22808,45.31,76.62,109.42,0
22908,44.93,75.98,110.36,0
23008,44.9,75.93,110.43,0
23108,44.89,75.91,110.46,0
23208,44.65,75.51,111.06,0
23308,44.87,75.88,110.51,0
23408,44.81,75.78,110.66,0
23508,44.71,75.61,110.91,0
23608,44.76,75.69,110.79,0
23708,44.79,75.74,110.72,0
23808,44.64,75.49,111.09,0
23908,44.25,74.83,112.08,0
24008,44.75,75.68,110.81,0
24108,44.5,75.25,111.45,0
24208,44.01,74.42,112.71,0
24308,44.59,75.4,111.22,0
24408,44.34,74.98,111.86,0
24508,44.48,75.22,111.49,0
24608,43.73,73.95,113.44,0
24708,44.25,74.83,112.08,0
24808,43.92,74.27,112.94,0
24908,43.92,74.27,112.94,0
25008,44.0,74.41,112.73,0
25108,44.2,74.75,112.21,0
25208,44.2,74.75,112.21,0
25308,43.96,74.34,112.83,0
25408,44.06,74.51,112.57,0
25508,43.96,74.34,112.83,0
25608,44.12,74.61,112.42,0
25708,43.34,73.29,114.47,0
25808,43.7,73.9,113.52,0
25908,43.93,74.29,112.91,0
26008,43.87,74.19,113.06,0
26108,43.32,73.26,114.52,0
26208,43.75,73.98,113.39,0
26308,43.62,73.76,113.73,0
26408,43.5,73.56,114.05,0
26508,43.03,72.77,115.3,0
26608,43.0,72.72,115.38,0
26708,43.85,74.15,113.13,0
26808,43.31,73.24,114.55,0
26908,43.14,72.95,115.02,0
27008,43.54,73.63,113.94,0
27108,43.67,73.85,113.59,0
27208,43.42,73.43,114.25,0
27308,43.0,72.72,115.38,0
27408,43.48,73.53,114.1,0
27508,43.34,73.29,114.47,0
27608,42.5,71.87,116.77,0
27708,43.17,73.0,114.94,0
27808,43.0,72.72,115.38,0
27908,43.18,73.02,114.9,0
28008,43.17,73.0,114.94,0
28108,43.42,73.43,114.25,0
28208,43.4,73.39,114.32,0
28308,43.31,73.24,114.55,0
28408,42.75,72.29,116.08,0
28508,43.17,73.0,114.94,0
28608,42.84,72.45,115.82,0
28708,42.92,72.58,115.61,0
28808,42.82,72.41,115.89,0
28908,43.06,72.82,115.22,0
29008,42.85,72.46,115.81,0
29108,43.07,72.83,115.21,0
29208,43.01,72.73,115.37,0
29308,43.34,73.29,114.47,0
29408,42.84,72.45,115.82,0
29508,42.85,72.46,115.81,0
29608,43.07,72.83,115.21,0
29708,42.48,71.84,116.82,0
29808,42.93,72.6,115.58,0
29908,42.34,71.6,117.22,0
30008,42.9,72.55,115.66,0
30108,42.59,72.02,116.52,0
30208,42.43,71.75,116.97,0
30308,42.95,72.63,115.53,0
30408,42.7,72.21,116.21,0
30508,42.6,72.04,116.49,0
30608,42.7,72.21,116.21,0
30708,42.23,71.41,117.53,0
30808,42.62,72.07,116.44,0
30908,42.45,71.79,116.9,0
31008,42.03,71.08,118.09,0
31108,42.23,71.41,117.53,0
31208,42.31,71.55,117.3,0
31308,42.56,71.97,116.61,0
31408,42.46,71.8,116.89,0
31508,42.46,71.8,116.89,0
31608,42.46,71.8,116.89,0
31708,42.43,71.75,116.97,0
31808,42.35,71.62,117.18,0
31908,42.34,71.6,117.22,0
32008,42.34,71.6,117.22,0
32108,42.23,71.41,117.53,0
32208,42.17,71.31,117.7,0
32308,42.12,71.23,117.83,0
32408,42.28,71.5,117.38,0
32508,42.35,71.62,117.18,0
32608,42.2,71.36,117.62,0
32708,42.32,71.57,117.27,0
32808,42.17,71.31,117.7,0
32908,42.06,71.13,118.0,0
33008,42.2,71.36,117.62,0
33108,42.12,71.23,117.83,0
33208,42.04,71.09,118.07,0
33308,42.1,71.19,117.9,0
33408,42.26,71.46,117.45,0
33508,42.21,71.38,117.58,0
33608,42.1,71.19,117.9,0
33708,42.06,71.13,118.0,0
33808,42.23,71.41,117.53,0
33908,42.37,71.65,117.13,0
34008,42.17,71.31,117.7,0
34108,42.06,71.13,118.0,0
34208,42.23,71.41,117.53,0
34308,42.0,71.02,118.19,0
34408,42.12,71.23,117.83,0
34508,41.96,70.96,118.29,0
34608,41.84,70.75,118.65,0
34708,41.84,70.75,118.65,0
34808,42.18,71.33,117.67,0
34908,42.01,71.04,118.15,0
35008,41.96,70.96,118.29,0
35108,42.0,71.02,118.19,0
35208,42.2,71.36,117.62,0
35308,41.9,70.86,118.46,0
35408,41.84,70.75,118.65,0
35508,41.96,70.96,118.29,0
35608,42.07,71.14,117.99,0
35708,41.96,70.96,118.29,0
35808,41.89,70.84,118.49,0
35908,41.93,70.91,118.37,0
36008,41.89,70.84,118.49,0
36108,41.85,70.77,118.61,0
36208,41.85,70.77,118.61,0
36308,41.84,70.75,118.65,0
36408,41.85,70.77,118.61,0
36508,42.06,71.13,118.0,0
36608,42.26,71.46,117.45,0
36708,41.95,70.94,118.32,0
36808,41.95,70.94,118.32,0
36908,41.89,70.84,118.49,0
37008,41.84,70.75,118.65,0
37108,41.85,70.77,118.61,0
37208,41.93,70.91,118.37,0
37308,41.73,70.57,118.95,0
37408,41.93,70.91,118.37,0
37508,41.84,70.75,118.65,0
37608,41.54,70.25,119.5,0
37708,41.73,70.57,118.95,0
37808,41.84,70.75,118.65,0
37908,41.82,70.72,118.7,0
38008,41.65,70.43,119.19,0
38108,41.79,70.67,118.78,0
38208,41.68,70.48,119.11,0
38308,41.68,70.48,119.11,0
38408,41.95,70.94,118.32,0
38508,41.67,70.47,119.12,0
38608,41.81,70.7,118.73,0
38708,41.68,70.48,119.11,0
38808,41.62,70.38,119.28,0
38908,41.56,70.28,119.45,0
39008,41.76,70.62,118.87,0
39108,41.75,70.6,118.9,0
39208,41.5,70.18,119.62,0
39308,41.7,70.52,119.04,0
39408,41.82,70.72,118.7,0
39508,41.65,70.43,119.19,0
39608,41.6,70.35,119.33,0
39708,41.64,70.42,119.21,0
39808,41.54,70.25,119.5,0
39908,41.79,70.67,118.78,0
40008,41.45,70.09,119.78,0
40108,41.6,70.35,119.33,0
40208,41.46,70.11,119.74,0
40308,41.59,70.33,119.36,0
40408,41.4,70.01,119.92,0
40508,41.62,70.38,119.28,0
40608,41.65,70.43,119.19,0
40708,41.46,70.11,119.74,0
40808,41.48,70.15,119.67,0
40908,41.2,69.67,120.51,0
41008,41.56,70.28,119.45,0
41108,41.62,70.38,119.28,0
41208,41.48,70.15,119.67,0
41308,41.65,70.43,119.19,0
41408,41.29,69.82,120.25,0
41508,41.48,70.15,119.67,0
41608,41.59,70.33,119.36,0
41708,41.45,70.09,119.78,0
41808,41.45,70.09,119.78,0
41908,41.39,69.99,119.95,0
42008,41.23,69.72,120.42,0
42108,41.39,69.99,119.95,0
42208,41.43,70.06,119.83,0
42308,41.43,70.06,119.83,0
42408,41.51,70.2,119.59,0
42508,41.31,69.86,120.18,0
42608,41.31,69.86,120.18,0
42708,41.35,69.93,120.06,0
42808,41.42,70.04,119.87,0
42908,41.4,70.01,119.92,0
43008,41.34,69.91,120.09,0
43108,41.31,69.86,120.18,0
43208,41.14,69.57,120.69,0
43308,41.4,70.01,119.92,0
43408,41.46,70.11,119.74,0
43508,41.39,69.99,119.95,0
43608,41.31,69.86,120.18,0
43708,41.34,69.91,120.09,0
43808,41.26,69.77,120.34,0
43908,41.25,69.76,120.35,0
44008,41.42,70.04,119.87,0
